{"cameraMode":{"drawMode":0,"name":"Shaded","section":"Shading Mode"},"sceneLighting":true,"audioPlay":false,"sceneViewState":{"showFog":true,"showMaterialUpdate":false,"showSkybox":true,"showFlares":true,"showImageEffects":true,"showParticleSystems":true},"in2DMode":false,"pivot":{"x":310.65264892578127,"y":50.641204833984378,"z":284.1873779296875},"rotation":{"x":0.32309091091156008,"y":-0.5653635263442993,"z":0.25600725412368777,"w":0.7146939635276794},"size":200.10055541992188,"orthographic":false}