{"cameraMode":{"drawMode":0,"name":"Shaded","section":"Shading Mode"},"sceneLighting":true,"audioPlay":false,"sceneViewState":{"showFog":true,"showMaterialUpdate":false,"showSkybox":true,"showFlares":true,"showImageEffects":true,"showParticleSystems":true},"in2DMode":false,"pivot":{"x":219.22433471679688,"y":114.93938446044922,"z":146.83299255371095},"rotation":{"x":0.26500871777534487,"y":-0.6935214400291443,"z":0.31041547656059267,"w":0.5941036343574524},"size":32.78494644165039,"orthographic":false}