{"cameraMode":{"drawMode":0,"name":"Shaded","section":"Shading Mode"},"sceneLighting":true,"audioPlay":false,"sceneViewState":{"showFog":true,"showMaterialUpdate":false,"showSkybox":true,"showFlares":true,"showImageEffects":true,"showParticleSystems":true},"in2DMode":false,"pivot":{"x":251.48834228515626,"y":548.1873168945313,"z":56.74065399169922},"rotation":{"x":0.31079691648483279,"y":0.2951568365097046,"z":-0.1022944524884224,"w":0.8977617025375366},"size":219.2596435546875,"orthographic":false}