{"cameraMode":{"drawMode":0,"name":"Shaded","section":"Shading Mode"},"sceneLighting":true,"audioPlay":false,"sceneViewState":{"showFog":true,"showMaterialUpdate":false,"showSkybox":true,"showFlares":true,"showImageEffects":true,"showParticleSystems":true},"in2DMode":false,"pivot":{"x":296.7430725097656,"y":45.097740173339847,"z":151.705078125},"rotation":{"x":-0.3383481800556183,"y":0.02767125330865383,"z":-0.009955800138413906,"w":-0.9405819773674011},"size":136.04393005371095,"orthographic":false}